7818.665557,3.303076923,1770.7,21.7,7818.665557,3.303076923,1770.7,13.393,7818.665557,1.62,1770.7,21.7,7818.665557,1.918069047,1770.7,21.7,7818.665557,3.303076923,0,21.7,7818.665557,3.303076923,1770.7,21.7,0,0,0,0,0,0
8159.731026,3.683076923,1768,22.01,8159.731026,3.683076923,1768,13.598,8159.731026,1.87,1768,22.01,8159.731026,2.138731857,1768,22.01,8159.731026,3.683076923,0,22.01,8159.731026,3.683076923,1768,22.01,0,0,0,0,0,0
8472.91127,3.741538462,1766.5,22.49,8472.91127,3.741538462,1766.5,13.84,8472.91127,1.87,1766.5,22.49,8472.91127,2.172679982,1766.5,22.49,8472.91127,3.741538462,0,22.49,8472.91127,3.741538462,1766.5,22.49,0,0,0,0,0,0
8788.292148,4.267692308,1793.3,23.127,8788.292148,4.267692308,1793.3,14.182,8788.292148,2.003,1793.3,23.127,8788.292148,2.478213105,1793.3,23.127,8788.292148,4.267692308,0,23.127,8788.292148,4.267692308,1793.3,23.127,0,0,0,0,0,0
9034.480546,5.042307692,1821.8,23.617,9034.480546,5.042307692,1821.8,14.288,9034.480546,2.57,1821.8,23.617,9034.480546,2.928025757,1821.8,23.617,9034.480546,5.042307692,3.7,23.617,9034.480546,5.042307692,1821.8,23.617,0,0,0,0,0,0
9319.851863,5.042307692,1855.3,23.993,9319.851863,5.042307692,1855.3,14.405,9319.851863,2.57,1855.3,23.993,9319.851863,2.928025757,1855.3,23.993,9319.851863,5.042307692,3.7,23.993,9319.851863,5.042307692,1855.3,23.993,0,0,0,0,0,0
9433.429382,5.042307692,1865.3,24.397,9433.429382,5.042307692,1865.3,14.678,9433.429382,2.57,1865.3,24.397,9433.429382,2.928025757,1865.3,24.397,9433.429382,5.042307692,3.8,24.397,9433.429382,5.042307692,1865.3,24.397,0,0,0,0,0,0
9609.03821,5.042307692,1868.2,24.173,9609.03821,5.042307692,1868.2,14.726,9609.03821,2.57,1868.2,24.173,9609.03821,2.928025757,1868.2,24.173,9609.03821,5.042307692,3.8,24.173,9609.03821,5.042307692,1868.2,24.173,0,0,0,0,0,0
9395.999964,4.998461538,1842.2,23.943,9395.999964,4.998461538,1842.2,14.653,9395.999964,2.57,1842.2,23.943,9395.999964,2.902564664,1842.2,23.943,9395.999964,4.998461538,4.7,23.943,9395.999964,4.998461538,1842.2,23.943,0,0,0,0,0,0
9193.225004,4.983846154,1835.5,23.917,9193.225004,4.983846154,1835.5,14.503,9193.225004,2.57,1835.5,23.917,9193.225004,2.894077632,1835.5,23.917,9193.225004,4.983846154,5.9,23.917,9193.225004,4.983846154,1835.5,23.917,0,0,0,0,0,0
9198.604356,4.954615385,1856.1,23.717,9198.604356,4.954615385,1856.1,14.419,9198.604356,2.57,1856.1,23.717,9198.604356,2.87710357,1856.1,23.717,9198.604356,4.954615385,6.7,23.717,9198.604356,4.954615385,1856.1,23.717,0,0,0,0,0,0
9576.970675,4.954615385,1838.7,23.66,9576.970675,4.954615385,1838.7,14.421,9576.970675,2.57,1838.7,23.66,9576.970675,2.87710357,1838.7,23.66,9576.970675,4.954615385,7,23.66,9576.970675,4.954615385,1838.7,23.66,0,0,0,0,0,0
9702.912727,4.954615385,1913,23.587,9702.912727,4.954615385,1913,14.386,9702.912727,2.57,1913,23.587,9702.912727,2.87710357,1913,23.587,9702.912727,4.954615385,6.4,23.587,9702.912727,4.954615385,1913,23.587,0,0,0,0,0,0
10131.78472,4.954615385,1971.2,23.767,10131.78472,4.954615385,1971.2,14.433,10131.78472,2.57,1971.2,23.767,10131.78472,2.87710357,1971.2,23.767,10131.78472,4.954615385,5.6,23.767,10131.78472,4.954615385,1971.2,23.767,0,0,0,0,0,0
10759.64074,4.954615385,2048.4,24.203,10759.64074,4.954615385,2048.4,14.74,10759.64074,2.57,2048.4,24.203,10759.64074,2.87710357,2048.4,24.203,10759.64074,4.954615385,4.6,24.203,10759.64074,4.954615385,2048.4,24.203,0,0,0,0,0,0
11113.26182,4.998461538,2084.4,24.693,11113.26182,4.998461538,2084.4,15.032,11113.26182,2.57,2084.4,24.693,11113.26182,2.902564664,2084.4,24.693,11113.26182,4.998461538,4.2,24.693,11113.26182,4.998461538,2084.4,24.693,0,0,0,0,0,0
11421.06001,4.998461538,2110.7,25.697,11421.06001,4.998461538,2110.7,15.585,11421.06001,2.57,2110.7,25.697,11421.06001,2.902564664,2110.7,25.697,11421.06001,4.998461538,3.5,25.697,11421.06001,4.998461538,2110.7,25.697,0,0,0,0,0,0
11728.65654,4.998461538,2145.7,25.947,11728.65654,4.998461538,2145.7,15.688,11728.65654,2.57,2145.7,25.947,11728.65654,2.902564664,2145.7,25.947,11728.65654,4.998461538,3.1,25.947,11728.65654,4.998461538,2145.7,25.947,0,0,0,0,0,0
11923.99393,4.998461538,2188.5,25.933,11923.99393,4.998461538,2188.5,15.696,11923.99393,2.57,2188.5,25.933,11923.99393,2.902564664,2188.5,25.933,11923.99393,4.998461538,3.2,25.933,11923.99393,4.998461538,2188.5,25.933,0,0,0,0,0,0
12087.48952,4.998461538,2192.2,26.317,12087.48952,4.998461538,2192.2,15.871,12087.48952,2.57,2192.2,26.317,12087.48952,2.902564664,2192.2,26.317,12087.48952,4.998461538,3.4,26.317,12087.48952,4.998461538,2192.2,26.317,0,0,0,0,0,0
12205.85016,4.998461538,2214.3,26.417,12205.85016,4.998461538,2214.3,15.861,12205.85016,2.57,2214.3,26.417,12205.85016,2.902564664,2214.3,26.417,12205.85016,4.998461538,3.1,26.417,12205.85016,4.998461538,2214.3,26.417,0,0,0,0,0,0
12017.74918,4.998461538,2216.7,26.487,12017.74918,4.998461538,2216.7,15.886,12017.74918,2.57,2216.7,26.487,12017.74918,2.902564664,2216.7,26.487,12017.74918,4.998461538,3,26.487,12017.74918,4.998461538,2216.7,26.487,0,0,0,0,0,0
12400.63688,4.998461538,2231.6,26.667,12400.63688,4.998461538,2231.6,16.065,12400.63688,2.57,2231.6,26.667,12400.63688,2.902564664,2231.6,26.667,12400.63688,4.998461538,3.2,26.667,12400.63688,4.998461538,2231.6,26.667,0,0,0,0,0,0
12722.56378,4.998461538,2305.3,26.697,12722.56378,4.998461538,2305.3,16.109,12722.56378,2.57,2305.3,26.697,12722.56378,2.902564664,2305.3,26.697,12722.56378,4.998461538,2.8,26.697,12722.56378,4.998461538,2305.3,26.697,0,0,0,0,0,0
12882.04194,5.086153846,2348.4,26.62,12882.04194,5.086153846,2348.4,16.112,12882.04194,2.57,2348.4,26.62,12882.04194,2.953486851,2348.4,26.62,12882.04194,5.086153846,2.7,26.62,12882.04194,5.086153846,2348.4,26.62,0,0,0,0,0,0
13104.83333,5.276153846,2366.2,26.72,13104.83333,5.276153846,2366.2,16.142,13104.83333,2.653,2366.2,26.72,13104.83333,3.063818256,2366.2,26.72,13104.83333,5.276153846,2.6,26.72,13104.83333,5.276153846,2366.2,26.72,0,0,0,0,0,0
13249.55512,5.568461538,2351.8,26.843,13249.55512,5.568461538,2351.8,16.205,13249.55512,2.82,2351.8,26.843,13249.55512,3.23355888,2351.8,26.843,13249.55512,5.568461538,2.7,26.843,13249.55512,5.568461538,2351.8,26.843,0,0,0,0,0,0
13053.33333,5.524615385,2314.6,26.89,13053.33333,5.524615385,2314.6,16.24,13053.33333,2.82,2314.6,26.89,13053.33333,3.208097786,2314.6,26.89,13053.33333,5.524615385,3.7,26.89,13053.33333,5.524615385,2314.6,26.89,0,0,0,0,0,0
13414.43333,5.524615385,2303.5,26.953,13414.43333,5.524615385,2303.5,16.29,13414.43333,2.82,2303.5,26.953,13414.43333,3.208097786,2303.5,26.953,13414.43333,5.524615385,5.3,26.953,13414.43333,5.524615385,2303.5,26.953,0,0,0,0,0,0
13650.26667,5.524615385,2306.4,26.91,13650.26667,5.524615385,2306.4,16.301,13650.26667,2.82,2306.4,26.91,13650.26667,3.208097786,2306.4,26.91,13650.26667,5.524615385,5.8,26.91,13650.26667,5.524615385,2306.4,26.91,0,0,0,0,0,0
13476.73333,5.524615385,2332.4,26.84,13476.73333,5.524615385,2332.4,16.326,13476.73333,2.82,2332.4,26.84,13476.73333,3.208097786,2332.4,26.84,13476.73333,5.524615385,6,26.84,13476.73333,5.524615385,2332.4,26.84,1.03,0,0,0,0,0
13976.16667,5.524615385,2379.1,26.757,13976.16667,5.524615385,2379.1,16.368,13976.16667,2.82,2379.1,26.757,13976.16667,3.208097786,2379.1,26.757,13976.16667,5.524615385,5.3,26.757,13976.16667,5.524615385,2379.1,26.757,0.99,0,0,0,0,0
14910.1,5.524615385,2447.7,26.793,14910.1,5.524615385,2447.7,16.447,14910.1,2.82,2447.7,26.793,14910.1,3.208097786,2447.7,26.793,14910.1,5.524615385,4.7,26.793,14910.1,5.524615385,2447.7,26.793,1.35,0,0,0,0,0
14958.56667,5.524615385,2488.1,26.757,14958.56667,5.524615385,2488.1,16.513,14958.56667,2.82,2488.1,26.757,14958.56667,3.208097786,2488.1,26.757,14958.56667,5.524615385,4.4,26.757,14958.56667,5.524615385,2488.1,26.757,1.5,0,0,0,0,0
15118.26667,5.524615385,2521.4,26.777,15118.26667,5.524615385,2521.4,16.635,15118.26667,2.82,2521.4,26.777,15118.26667,3.208097786,2521.4,26.777,15118.26667,5.524615385,4.1,26.777,15118.26667,5.524615385,2521.4,26.777,1.94,0,0,0,0,0
15748.04287,5.524615385,2535.5,26.857,15748.04287,5.524615385,2535.5,16.801,15748.04287,2.82,2535.5,26.857,15748.04287,3.208097786,2535.5,26.857,15748.04287,5.524615385,4.2,26.857,15748.04287,5.524615385,2535.5,26.857,2.36,0,0,0,0,0
16304.09071,5.524615385,2523.9,26.86,16304.09071,5.524615385,2523.9,16.969,16304.09071,2.82,2523.9,26.86,16304.09071,3.208097786,2523.9,26.86,16304.09071,5.524615385,4,26.86,16304.09071,5.524615385,2523.9,26.86,2.48,0,0,0,0,0
16565.85259,5.539230769,2543.8,27.037,16565.85259,5.539230769,2543.8,17.068,16565.85259,2.82,2543.8,27.037,16565.85259,3.216584817,2543.8,27.037,16565.85259,5.539230769,4.2,27.037,16565.85259,5.539230769,2543.8,27.037,2.69,0,0,0,0,0
16879.0387,5.568461538,2540.6,27.317,16879.0387,5.568461538,2540.6,17.287,16879.0387,2.82,2540.6,27.317,16879.0387,3.23355888,2540.6,27.317,16879.0387,5.568461538,4.1,27.317,16879.0387,5.568461538,2540.6,27.317,2.81,0,0,0,0,0
16292.33333,5.583076923,2582.1,27.55,16292.33333,5.583076923,2582.1,17.354,16292.33333,2.82,2582.1,27.55,16292.33333,3.242045911,2582.1,27.55,16292.33333,5.583076923,4.1,27.55,16292.33333,5.583076923,2582.1,27.55,2.93,0,0,0,0,0
17210.7,6.021538462,2597.9,27.777,17210.7,6.021538462,2597.9,17.597,17210.7,2.987,2597.9,27.777,17210.7,3.496656846,2597.9,27.777,17210.7,6.021538462,3.9,27.777,17210.7,6.021538462,2597.9,27.777,2.93,0,0,0,0,0
17962.4,6.138461538,2591.7,28.013,17962.4,6.138461538,2591.7,17.717,17962.4,3.07,2591.7,28.013,17962.4,3.564553096,2591.7,28.013,17962.4,6.138461538,4.1,28.013,17962.4,6.138461538,2591.7,28.013,3,0,0,0,0,0
17768.36667,6.138461538,2616.6,28.263,17768.36667,6.138461538,2616.6,17.824,17768.36667,3.07,2616.6,28.263,17768.36667,3.564553096,2616.6,28.263,17768.36667,6.138461538,4.2,28.263,17768.36667,6.138461538,2616.6,28.263,3.23,0,0,0,0,0
17543.23333,6.138461538,2589.1,28.4,17543.23333,6.138461538,2589.1,17.825,17543.23333,3.047,2589.1,28.4,17543.23333,3.564553096,2589.1,28.4,17543.23333,6.138461538,4.9,28.4,17543.23333,6.138461538,2589.1,28.4,3.25,0,0,0,0,0
17786.66667,6.138461538,2519,28.737,17786.66667,6.138461538,2519,18.02,17786.66667,3.07,2519,28.737,17786.66667,3.564553096,2519,28.737,17786.66667,6.138461538,6.3,28.737,17786.66667,6.138461538,2519,28.737,1.87,0,0,0,0,0
17329.73333,6.138461538,2534.5,28.93,17329.73333,6.138461538,2534.5,18.072,17329.73333,3.07,2534.5,28.93,17329.73333,3.564553096,2534.5,28.93,17329.73333,6.138461538,7.4,28.93,17329.73333,6.138461538,2534.5,28.93,0.94,0,0,0,0,0
18397.46667,6.094615385,2593.9,28.913,18397.46667,6.094615385,2593.9,18.186,18397.46667,3.07,2593.9,28.913,18397.46667,3.539092002,2593.9,28.913,18397.46667,6.094615385,7.3,28.913,18397.46667,6.094615385,2593.9,28.913,1.32,0,0,0,0,0
18837.86667,6.094615385,2654.3,28.943,18837.86667,6.094615385,2654.3,18.271,18837.86667,3.023,2654.3,28.943,18837.86667,3.539092002,2654.3,28.943,18837.86667,6.094615385,6.4,28.943,18837.86667,6.094615385,2654.3,28.943,2.16,0,0,0,0,0
19509.2,5.948461538,2708,28.993,19509.2,5.948461538,2708,18.297,19509.2,2.99,2708,28.993,19509.2,3.45422169,2708,28.993,19509.2,5.948461538,5.8,28.993,19509.2,5.948461538,2708,28.993,2.58,0,0,0,0,0
19009.56667,5.963076923,2776.4,29.043,19009.56667,5.963076923,2776.4,18.314,19009.56667,2.97,2776.4,29.043,19009.56667,3.462708721,2776.4,29.043,19009.56667,5.963076923,5.1,29.043,19009.56667,5.963076923,2776.4,29.043,3.08,0,0,0,0,0
19286.23395,5.933846154,2773.1,29.193,19286.23395,5.933846154,2773.1,18.366,19286.23395,2.97,2773.1,29.193,19286.23395,3.445734659,2773.1,29.193,19286.23395,5.933846154,5.3,29.193,19286.23395,5.933846154,2773.1,29.193,3.57,0,0,0,0,0
19867.33333,5.875384615,2782.8,29.37,19867.33333,5.875384615,2782.8,18.443,19867.33333,2.97,2782.8,29.37,19867.33333,3.411786534,2782.8,29.37,19867.33333,5.875384615,5.6,29.37,19867.33333,5.875384615,2782.8,29.37,3.99,0,0,0,0,0
20726.5,5.875384615,2845.3,29.397,20726.5,5.875384615,2845.3,18.521,20726.5,2.97,2845.3,29.397,20726.5,3.411786534,2845.3,29.397,20726.5,5.875384615,5.1,29.397,20726.5,5.875384615,2845.3,29.397,3.93,0,0,0,0,0
20528.06667,5.875384615,2832,29.573,20528.06667,5.875384615,2832,18.579,20528.06667,2.97,2832,29.573,20528.06667,3.411786534,2832,29.573,20528.06667,5.875384615,5.2,29.573,20528.06667,5.875384615,2832,29.573,3.7,0,0,0,0,0
20945.3,5.875384615,2836.6,29.59,20945.3,5.875384615,2836.6,18.648,20945.3,2.97,2836.6,29.59,20945.3,3.411786534,2836.6,29.59,20945.3,5.875384615,5.5,29.59,20945.3,5.875384615,2836.6,29.59,2.94,0,0,0,0,0
21616.9,5.875384615,2800.2,29.78,21616.9,5.875384615,2800.2,18.7,21616.9,2.97,2800.2,29.78,21616.9,3.411786534,2800.2,29.78,21616.9,5.875384615,6.3,29.78,21616.9,5.875384615,2800.2,29.78,2.3,0,0,0,0,0
22324.96667,5.875384615,2816.9,29.84,22324.96667,5.875384615,2816.9,18.743,22324.96667,2.97,2816.9,29.84,22324.96667,3.411786534,2816.9,29.84,22324.96667,5.875384615,6.8,29.84,22324.96667,5.875384615,2816.9,29.84,1.99,0,0,0,0,0
22036.86667,5.919230769,2869.6,29.83,22036.86667,5.919230769,2869.6,18.785,22036.86667,2.97,2869.6,29.83,22036.86667,3.437247628,2869.6,29.83,22036.86667,5.919230769,7,29.83,22036.86667,5.919230769,2869.6,29.83,1.73,0,0,0,0,0
22110.3,5.919230769,2915.9,29.947,22110.3,5.919230769,2915.9,18.843,22110.3,2.97,2915.9,29.947,22110.3,3.437247628,2915.9,29.947,22110.3,5.919230769,6.8,29.947,22110.3,5.919230769,2915.9,29.947,1.68,0,0,0,0,0
23087.07488,5.919230769,2975.3,29.99,23087.07488,5.919230769,2975.3,18.908,23087.07488,2.97,2975.3,29.99,23087.07488,3.437247628,2975.3,29.99,23087.07488,5.919230769,6.2,29.99,23087.07488,5.919230769,2975.3,29.99,2.4,0,0,0,0,0
23690.34015,5.919230769,3028.7,30.107,23690.34015,5.919230769,3028.7,19.02,23690.34015,2.97,3028.7,30.107,23690.34015,3.437247628,3028.7,30.107,23690.34015,5.919230769,5.6,30.107,23690.34015,5.919230769,3028.7,30.107,2.46,0,0,0,0,0
23998.44817,5.919230769,3062.1,30.22,23998.44817,5.919230769,3062.1,19.047,23998.44817,2.97,3062.1,30.22,23998.44817,3.437247628,3062.1,30.22,23998.44817,5.919230769,5.5,30.22,23998.44817,5.919230769,3062.1,30.22,2.61,0,0,0,0,0
24499.36667,5.919230769,3090.4,30.307,24499.36667,5.919230769,3090.4,19.092,24499.36667,2.97,3090.4,30.307,24499.36667,3.437247628,3090.4,30.307,24499.36667,5.919230769,5.6,30.307,24499.36667,5.919230769,3090.4,30.307,2.85,0,0,0,0,0
24878.86667,5.919230769,3097.9,30.38,24878.86667,5.919230769,3097.9,19.152,24878.86667,2.97,3097.9,30.38,24878.86667,3.437247628,3097.9,30.38,24878.86667,5.919230769,5.5,30.38,24878.86667,5.919230769,3097.9,30.38,2.92,0,0,0,0,0
25542.73333,5.919230769,3138.4,30.477,25542.73333,5.919230769,3138.4,19.196,25542.73333,2.97,3138.4,30.477,25542.73333,3.437247628,3138.4,30.477,25542.73333,5.919230769,5.8,30.477,25542.73333,5.919230769,3138.4,30.477,2.97,0,0,0,0,0
25875.23333,5.919230769,3177.7,30.533,25875.23333,5.919230769,3177.7,19.233,25875.23333,2.97,3177.7,30.533,25875.23333,3.437247628,3177.7,30.533,25875.23333,5.919230769,5.7,30.533,25875.23333,5.919230769,3177.7,30.533,2.96,0,0,0,0,0
25901,5.919230769,3237.6,30.72,25901,5.919230769,3237.6,19.272,25901,2.97,3237.6,30.72,25901,3.437247628,3237.6,30.72,25901,5.919230769,5.5,30.72,25901,5.919230769,3237.6,30.72,3.33,0,0,0,0,0
26578.42677,5.875384615,3262.2,30.803,26578.42677,5.875384615,3262.2,19.418,26578.42677,2.97,3262.2,30.803,26578.42677,3.411786534,3262.2,30.803,26578.42677,5.875384615,5.6,30.803,26578.42677,5.875384615,3262.2,30.803,3.45,0,0,0,0,0
27685.57115,5.875384615,3335.4,30.93,27685.57115,5.875384615,3335.4,19.477,27685.57115,2.97,3335.4,30.93,27685.57115,3.411786534,3335.4,30.93,27685.57115,5.875384615,5.5,30.93,27685.57115,5.875384615,3335.4,30.93,3.46,0,0,0,0,0
27378,5.875384615,3373.7,30.98,27378,5.875384615,3373.7,19.529,27378,2.97,3373.7,30.98,27378,3.411786534,3373.7,30.98,27378,5.875384615,5.2,30.98,27378,5.875384615,3373.7,30.98,3.49,0,0,0,0,0
27982,5.875384615,3419.5,31.05,27982,5.875384615,3419.5,19.607,27982,2.92,3419.5,31.05,27982,3.411786534,3419.5,31.05,27982,5.875384615,5,31.05,27982,5.875384615,3419.5,31.05,3.46,0,0,0,0,0
28913.76667,5.875384615,3429,31.193,28913.76667,5.875384615,3429,19.703,28913.76667,2.92,3429,31.193,28913.76667,3.411786534,3429,31.193,28913.76667,5.875384615,5,31.193,28913.76667,5.875384615,3429,31.193,3.58,0,0,0,0,0
30075.6,5.875384615,3513.3,31.29,30075.6,5.875384615,3513.3,19.801,30075.6,2.92,3513.3,31.29,30075.6,3.411786534,3513.3,31.29,30075.6,5.875384615,4.9,31.29,30075.6,5.875384615,3513.3,31.29,3.98,0,0,0,0,0
29741.7,5.875384615,3560.9,31.49,29741.7,5.875384615,3560.9,19.887,29741.7,2.92,3560.9,31.49,29741.7,3.411786534,3560.9,31.49,29741.7,5.875384615,4.7,31.49,29741.7,5.875384615,3560.9,31.49,4.08,0,0,0,0,0
29989.53333,5.875384615,3633.2,31.583,29989.53333,5.875384615,3633.2,19.96,29989.53333,2.92,3633.2,31.583,29989.53333,3.411786534,3633.2,31.583,29989.53333,5.875384615,4.4,31.583,29989.53333,5.875384615,3633.2,31.583,4.08,0,0,0,0,0
31054.13333,5.875384615,3720.8,31.75,31054.13333,5.875384615,3720.8,20.088,31054.13333,2.92,3720.8,31.75,31054.13333,3.411786534,3720.8,31.75,31054.13333,5.875384615,4.1,31.75,31054.13333,5.875384615,3720.8,31.75,4.17,0,0,0,0,0
32585.4,5.875384615,3812.2,32.047,32585.4,5.875384615,3812.2,20.218,32585.4,2.92,3812.2,32.047,32585.4,3.411786534,3812.2,32.047,32585.4,5.875384615,3.9,32.047,32585.4,5.875384615,3812.2,32.047,4.56,0,0,0,0,0
32235.13333,5.89,3824.9,32.337,32235.13333,5.89,3824.9,20.391,32235.13333,2.92,3824.9,32.337,32235.13333,3.420273566,3824.9,32.337,32235.13333,5.89,3.8,32.337,32235.13333,5.89,3824.9,32.337,4.91,0,0,0,0,0
32460.53333,5.919230769,3850,32.617,32460.53333,5.919230769,3850,20.601,32460.53333,2.937,3850,32.617,32460.53333,3.437247628,3850,32.617,32460.53333,5.919230769,3.8,32.617,32460.53333,5.919230769,3850,32.617,5.41,0,0,0,0,0
33695.26667,5.963076923,3881.2,32.883,33695.26667,5.963076923,3881.2,20.791,33695.26667,2.97,3881.2,32.883,33695.26667,3.462708721,3881.2,32.883,33695.26667,5.963076923,3.7,32.883,33695.26667,5.963076923,3881.2,32.883,5.56,0,0,0,0,0
34823.96667,5.963076923,3915.4,32.967,34823.96667,5.963076923,3915.4,20.886,34823.96667,2.99,3915.4,32.967,34823.96667,3.462708721,3915.4,32.967,34823.96667,5.963076923,3.8,32.967,34823.96667,5.963076923,3915.4,32.967,4.82,0,0,0,0,0
34440.43333,5.963076923,3916.2,33.167,34440.43333,5.963076923,3916.2,20.997,34440.43333,3,3916.2,33.167,34440.43333,3.462708721,3916.2,33.167,34440.43333,5.963076923,3.8,33.167,34440.43333,5.963076923,3916.2,33.167,3.99,0,0,0,0,0
34609.93333,5.992307692,3947.5,33.5,34609.93333,5.992307692,3947.5,21.203,34609.93333,3.047,3947.5,33.5,34609.93333,3.479682784,3947.5,33.5,34609.93333,5.992307692,3.8,33.5,34609.93333,5.992307692,3947.5,33.5,3.89,0,0,0,0,0
35142.53333,6.006923077,3977.6,33.867,35142.53333,6.006923077,3977.6,21.438,35142.53333,3.07,3977.6,33.867,35142.53333,3.488169815,3977.6,33.867,35142.53333,6.006923077,3.9,33.867,35142.53333,6.006923077,3977.6,33.867,4.17,35142.53333,6.006923077,3977.6,33.867,0
37132.83333,6.006923077,4059.5,34.2,37132.83333,6.006923077,4059.5,21.672,37132.83333,3.07,4059.5,34.2,37132.83333,3.488169815,4059.5,34.2,37132.83333,6.006923077,3.7,34.2,37132.83333,6.006923077,4059.5,34.2,4.79,37132.83333,6.006923077,4059.5,34.200,7.5047
38246.87244,6.006923077,4128.5,34.533,38246.87244,6.006923077,4128.5,21.899,38246.87244,3.07,4128.5,34.533,38246.87244,3.488169815,4128.5,34.533,38246.87244,6.006923077,3.6,34.533,38246.87244,6.006923077,4128.5,34.533,5.98,38246.87244,6.006923077,4128.5,34.533,8.764666667
39152.7,6.050769231,4156.7,35,39152.7,6.050769231,4156.7,22.115,39152.7,3.07,4156.7,35,39152.7,3.513630908,4156.7,35,39152.7,6.050769231,3.5,35,39152.7,6.050769231,4156.7,35,5.95,39152.7,6.050769231,4156.7,35.000,4.322566667
39457.8,6.050769231,4174.7,35.433,39457.8,6.050769231,4174.7,22.426,39457.8,3.07,4174.7,35.433,39457.8,3.513630908,4174.7,35.433,39457.8,6.050769231,3.4,35.433,39457.8,6.050769231,4174.7,35.433,5.92,39457.8,6.050769231,4174.7,35.433,3.615333333
40031.7,6.123846154,4240.5,35.867,40031.7,6.123846154,4240.5,22.66,40031.7,3.13,4240.5,35.867,40031.7,3.556066064,4240.5,35.867,40031.7,6.123846154,3.4,35.867,40031.7,6.123846154,4240.5,35.867,6.57,40031.7,6.123846154,4240.5,35.867,0.934976333
41290.5,6.357692308,4252.8,36.433,41290.5,6.357692308,4252.8,22.952,41290.5,3.35,4252.8,36.433,41290.5,3.691858563,4252.8,36.433,41290.5,6.357692308,3.4,36.433,41290.5,6.357692308,4252.8,36.433,8.33,41290.5,6.357692308,4252.8,36.433,-4.35743
41729.43333,6.357692308,4279.7,36.933,41729.43333,6.357692308,4279.7,23.28,41729.43333,3.35,4279.7,36.933,41729.43333,3.691858563,4279.7,36.933,41729.43333,6.357692308,3.6,36.933,41729.43333,6.357692308,4279.7,36.933,8.98,41729.43333,6.357692308,4279.7,36.933,-2.046733333
43320.6,6.357692308,4259.6,37.5,43320.6,6.357692308,4259.6,23.581,43320.6,3.35,4259.6,37.5,43320.6,3.691858563,4259.6,37.5,43320.6,6.357692308,3.6,37.5,43320.6,6.357692308,4259.6,37.5,8.94,43320.6,6.357692308,4259.6,37.500,16.49533333
44413.76667,6.357692308,4252.9,38.1,44413.76667,6.357692308,4252.9,23.915,44413.76667,3.35,4252.9,38.1,44413.76667,3.691858563,4252.9,38.1,44413.76667,6.357692308,4.2,38.1,44413.76667,6.357692308,4252.9,38.1,8.56,44413.76667,6.357692308,4252.9,38.100,45.76766667
44574.1,6.357692308,4260.7,38.633,44574.1,6.357692308,4260.7,24.247,44574.1,3.35,4260.7,38.633,44574.1,3.691858563,4260.7,38.633,44574.1,6.357692308,4.8,38.633,44574.1,6.357692308,4260.7,38.633,7.88,44574.1,6.357692308,4260.7,38.633,54.73566667
45399.7,6.27,4298.6,39.033,45399.7,6.27,4298.6,24.438,45399.7,3.31,4298.6,39.033,45399.7,3.640936376,4298.6,39.033,45399.7,6.27,5.2,39.033,45399.7,6.27,4298.6,39.033,6.71,45399.7,6.27,4298.6,39.033,53.874
47157.9,6.430769231,4253,39.6,47157.9,6.430769231,4253,24.752,47157.9,3.393,4253,39.6,47157.9,3.734293719,4253,39.6,47157.9,6.430769231,5.8,39.6,47157.9,6.430769231,4253,39.6,5.57,47157.9,6.430769231,4253.0,39.600,47.01166667
48418.46667,6.84,4370.3,39.933,48418.46667,6.84,4370.3,25.126,48418.46667,3.56,4370.3,39.933,48418.46667,3.971930592,4370.3,39.933,48418.46667,6.84,5.9,39.933,48418.46667,6.84,4370.3,39.933,3.86,48418.46667,6.84,4370.3,39.933,9.299133333
48111.8,6.84,4395.1,40.3,48111.8,6.84,4395.1,25.455,48111.8,3.56,4395.1,40.3,48111.8,3.971930592,4395.1,40.3,48111.8,6.84,5.9,40.3,48111.8,6.84,4395.1,40.3,4.57,48111.8,6.84,4395.1,40.300,-18.09373333
47412.3,6.84,4430.2,40.7,47412.3,6.84,4430.2,25.711,47412.3,3.56,4430.2,40.7,47412.3,3.971930592,4430.2,40.7,47412.3,6.84,6,40.7,47412.3,6.84,4430.2,40.7,5.48,47412.3,6.84,4430.2,40.700,-46.613
49808.46667,6.84,4442.5,41,49808.46667,6.84,4442.5,25.918,49808.46667,3.56,4442.5,41,49808.46667,3.971930592,4442.5,41,49808.46667,6.84,5.9,41,49808.46667,6.84,4442.5,41,4.75,49808.46667,6.84,4442.5,41.000,-36.00566667
49609.5,6.752307692,4521.9,41.333,49609.5,6.752307692,4521.9,26.319,49609.5,3.56,4521.9,41.333,49609.5,3.932069598,4521.9,41.333,49609.5,6.752307692,5.8,41.333,49609.5,6.752307692,4521.9,41.333,3.55,49609.5,6.752307692,4521.9,41.333,-58.54333333
49164.03333,6.752307692,4629.1,41.6,49164.03333,6.752307692,4629.1,26.475,49164.03333,3.56,4629.1,41.6,49164.03333,3.932069598,4629.1,41.6,49164.03333,6.752307692,5.7,41.6,49164.03333,6.752307692,4629.1,41.6,4.3,49164.03333,6.752307692,4629.1,41.600,-55.433
50603.23333,6.810769231,4673.5,41.933,50603.23333,6.810769231,4673.5,26.731,50603.23333,3.56,4673.5,41.933,50603.23333,3.961536155,4673.5,41.933,50603.23333,6.810769231,5.6,41.933,50603.23333,6.810769231,4673.5,41.933,4.74,50603.23333,6.810769231,4673.5,41.933,-29.3834
52839.86667,6.84,4750.5,42.367,52839.86667,6.84,4750.5,27.083,52839.86667,3.56,4750.5,42.367,52839.86667,3.976269434,4750.5,42.367,52839.86667,6.84,5.4,42.367,52839.86667,6.84,4750.5,42.367,5.15,52839.86667,6.84,4750.5,42.367,16.699
54776.33,6.854615385,4872,43.033,54776.33,6.854615385,4872,27.403,54776.33,3.56,4872,43.033,54776.33,3.988347697,4872,43.033,54776.33,6.854615385,4.9,43.033,54776.33,6.854615385,4872,43.033,6.54,54776.33,6.854615385,4872.0,43.033,38.129
55699.33,7.263846154,4928.4,43.933,55699.33,7.263846154,4928.4,27.828,55699.33,3.56,4928.4,43.933,55699.33,4.33151556,4928.4,43.933,55699.33,7.263846154,4.9,43.933,55699.33,7.263846154,4928.4,43.933,7.82,55699.33,7.263846154,4928.4,43.933,50.12666667
57309.67,7.687692308,4902.1,44.8,57309.67,7.687692308,4902.1,28.37,57309.67,4.06,4902.1,44.8,57309.67,4.694653674,4902.1,44.8,57309.67,7.687692308,4.8,44.8,57309.67,7.687692308,4902.1,44.8,10.56,57309.67,7.687692308,4902.1,44.800,59.94866667
54924,8.345384615,4948.8,45.933,54924,8.345384615,4948.8,28.932,54924,4.31,4948.8,45.933,54924,5.275877873,4948.8,45.933,54924,8.345384615,4.8,45.933,54924,8.345384615,4948.8,45.933,10,54924,8.345384615,4948.8,45.933,76.64566667
55876,11.59,4905.4,47.3,55876,11.59,4905.4,29.488,55876,10.11,4905.4,47.3,55876,8.236666667,4905.4,47.3,55876,11.59,5.1,47.3,55876,11.59,4905.4,47.3,9.33,55876,11.59,4905.4,47.300,70.665
57026.67,12.93333333,4918,48.567,57026.67,12.93333333,4918,30.192,57026.67,10.11,4918,48.567,57026.67,9.34,4918,48.567,57026.67,12.93333333,5.2,48.567,57026.67,12.93333333,4918,48.567,11.25,57026.67,12.93333333,4918.0,48.567,66.59533333
54913.33,12.65333333,4869.4,49.933,54913.33,12.65333333,4869.4,31.085,54913.33,10.11,4869.4,49.933,54913.33,9.2,4869.4,49.933,54913.33,12.65333333,5.6,49.933,54913.33,12.65333333,4869.4,49.933,12.1,54913.33,12.65333333,4869.4,49.933,51.14933333
54841.33,12.59666667,4850.2,51.467,54841.33,12.59666667,4850.2,32.015,54841.33,11.16,4850.2,51.467,54841.33,9.303333333,4850.2,51.467,54841.33,12.59666667,6.6,51.467,54841.33,12.59666667,4850.2,51.467,9.34,54841.33,12.59666667,4850.2,51.467,42.84133333
51668.33,13.03333333,4791.2,52.567,51668.33,13.03333333,4791.2,32.757,51668.33,11.16,4791.2,52.567,51668.33,9.826666667,4791.2,52.567,51668.33,13.03333333,8.3,52.567,51668.33,13.03333333,4791.2,52.567,6.31,51668.33,13.03333333,4791.2,52.567,4.301233333
51483.67,13.56,4827.8,53.2,51483.67,13.56,4827.8,33.245,51483.67,11.16,4827.8,53.2,51483.67,9.983333333,4827.8,53.2,51483.67,13.56,8.9,53.2,51483.67,13.56,4827.8,53.2,5.42,51483.67,13.56,4827.8,53.200,-20.077
55153.33,14.10666667,4909.1,54.267,55153.33,14.10666667,4909.1,33.864,55153.33,11.16,4909.1,54.267,55153.33,10.72333333,4909.1,54.267,55153.33,14.10666667,8.5,54.267,55153.33,14.10666667,4909.1,54.267,6.16,55153.33,14.10666667,4909.1,54.267,-19.952
52780,14.83666667,4973.3,55.267,52780,14.83666667,4973.3,34.463,52780,11.16,4973.3,55.267,52780,10.96,4973.3,55.267,52780,14.83666667,8.3,55.267,52780,14.83666667,4973.3,55.267,5.41,52780,14.83666667,4973.3,55.267,-11.3391
54468,13.34666667,5086.3,55.9,54468,13.34666667,5086.3,34.837,54468,11.763,5086.3,55.9,54468,10.58,5086.3,55.9,54468,13.34666667,7.7,55.9,54468,13.34666667,5086.3,55.9,4.83,54468,13.34666667,5086.3,55.900,-22.25533333
55590.33,13.42666667,5124.6,56.4,55590.33,13.42666667,5124.6,35.208,55590.33,12.17,5124.6,56.4,55590.33,10.72333333,5124.6,56.4,55590.33,13.42666667,7.6,56.4,55590.33,13.42666667,5124.6,56.4,5.2,55590.33,13.42666667,5124.6,56.400,-3.196663333
57787.33,13.52,5149.7,57.3,57787.33,13.52,5149.7,35.686,57787.33,12.747,5149.7,57.3,57787.33,10.94333333,5149.7,57.3,57787.33,13.52,7.7,57.3,57787.33,13.52,5149.7,57.3,5.28,57787.33,13.52,5149.7,57.300,-4.7805
61193,13.59333333,5187.1,58.133,61193,13.59333333,5187.1,36.331,61193,13.9,5187.1,58.133,61193,11.26,5187.1,58.133,61193,13.59333333,7.8,58.133,61193,13.59333333,5187.1,58.133,4.87,61193,13.59333333,5187.1,58.133,-6.613566667
59426.33,14.38333333,5247.3,59.2,59426.33,14.38333333,5247.3,36.943,59426.33,13.9,5247.3,59.2,59426.33,11.77333333,5247.3,59.2,59426.33,14.38333333,7.5,59.2,59426.33,14.38333333,5247.3,59.2,4.66,59426.33,14.38333333,5247.3,59.200,-25.36566667
59084.67,14.53666667,5351.6,60.233,59084.67,14.53666667,5351.6,37.47,59084.67,13.9,5351.6,60.233,59084.67,11.86666667,5351.6,60.233,59084.67,14.53666667,7.1,60.233,59084.67,14.53666667,5351.6,60.233,5.16,59084.67,14.53666667,5351.6,60.233,-19.224
58872.33,14.54,5447.3,61.067,58872.33,14.54,5447.3,37.927,58872.33,14.533,5447.3,61.067,58872.33,11.97333333,5447.3,61.067,58872.33,14.54,6.9,61.067,58872.33,14.54,5447.3,61.067,5.82,58872.33,14.54,5447.3,61.067,-24.96066667
61021,14.64333333,5446.1,61.967,61021,14.64333333,5446.1,38.758,61021,14.85,5446.1,61.967,61021,12.19,5446.1,61.967,61021,14.64333333,6.7,61.967,61021,14.64333333,5446.1,61.967,6.51,61021,14.64333333,5446.1,61.967,-14.79733333
57725,14.5,5464.7,63.033,57725,14.5,5464.7,39.326,57725,14.85,5464.7,63.033,57725,12.18333333,5464.7,63.033,57725,14.5,6.3,63.033,57725,14.5,5464.7,63.033,6.76,57725,14.5,5464.7,63.033,-18.35133333
59241.67,14.48333333,5679.7,64.467,59241.67,14.48333333,5679.7,40.05,59241.67,14.85,5679.7,64.467,59241.67,12.34333333,5679.7,64.467,59241.67,14.48333333,6,64.467,59241.67,14.48333333,5679.7,64.467,7.28,59241.67,14.48333333,5679.7,64.467,-8.881933333
60640.33,14.49333333,5735.4,65.967,60640.33,14.49333333,5735.4,40.716,60640.33,14.85,5735.4,65.967,60640.33,12.49333333,5735.4,65.967,60640.33,14.49333333,6,65.967,60640.33,14.49333333,5735.4,65.967,8.09,60640.33,14.49333333,5735.4,65.967,-5.542516667
62392,14.77,5811.3,67.5,62392,14.77,5811.3,41.575,62392,14.85,5811.3,67.5,62392,12.77,5811.3,67.5,62392,14.77,5.9,67.5,62392,14.77,5811.3,67.5,9.58,62392,14.77,5811.3,67.500,2.677833333
60556,15.93,5821,69.2,60556,15.93,5821,42.318,60556,15.517,5821,69.2,60556,13.41,5821,69.2,60556,15.93,5.9,69.2,60556,15.93,5821,69.2,10.07,60556,15.93,5821.0,69.200,3.9023
62624,19.20333333,5826.4,71.4,62624,19.20333333,5826.4,43.362,62624,17.683,5826.4,71.4,62624,15.64,5826.4,71.4,62624,19.20333333,5.7,71.4,62624,19.20333333,5826.4,71.4,10.18,62624,19.20333333,5826.4,71.400,22.87066667
63189.33,24.04333333,5868.3,73.7,63189.33,24.04333333,5868.3,44.301,63189.33,25.583,5868.3,73.7,63189.33,19.49,5868.3,73.7,63189.33,24.04333333,5.9,73.7,63189.33,24.04333333,5868.3,73.7,10.94,63189.33,24.04333333,5868.3,73.700,30.30866667
63490,26.99333333,5884.5,76.033,63490,26.99333333,5884.5,45.194,63490,30.833,5884.5,76.033,63490,22.11666667,5884.5,76.033,63490,26.99333333,6,76.033,63490,26.99333333,5884.5,76.033,13.58,63490,26.99333333,5884.5,76.033,27.92566667
62036.67,32.19,5903.4,79.033,62036.67,32.19,5903.4,46.144,62036.67,35.833,5903.4,79.033,62036.67,25.93333333,5903.4,79.033,62036.67,32.19,6.3,79.033,62036.67,32.19,5903.4,79.033,15.07,62036.67,32.19,5903.4,79.033,24.45866667
59855.67,34.11666667,5782.4,81.7,59855.67,34.11666667,5782.4,47.178,59855.67,39.5,5782.4,81.7,59855.67,27.91333333,5782.4,81.7,59855.67,34.11666667,7.3,81.7,59855.67,34.11666667,5782.4,81.7,12.67,59855.67,34.11666667,5782.4,81.700,32.52833333
58910.33,34.47,5771.7,83.233,58910.33,34.47,5771.7,48.256,58910.33,37.833,5771.7,83.233,58910.33,28.79666667,5771.7,83.233,58910.33,34.47,7.7,83.233,58910.33,34.47,5771.7,83.233,9.82,58910.33,34.47,5771.7,83.233,27.78833333
56645.33,35.11666667,5878.4,85.567,56645.33,35.11666667,5878.4,49.593,56645.33,36.333,5878.4,85.567,56645.33,30.24666667,5878.4,85.567,56645.33,35.11666667,7.4,85.567,56645.33,35.11666667,5878.4,85.567,15.85,56645.33,35.11666667,5878.4,85.567,31.422
58015.67,38.72,6000.6,87.933,58015.67,38.72,6000.6,50.851,58015.67,38,6000.6,87.933,58015.67,36.54,6000.6,87.933,58015.67,38.72,7.4,87.933,58015.67,38.72,6000.6,87.933,16.6,58015.67,38.72,6000.6,87.933,28.57766667
56765.67,37.76,5952.7,89.767,56765.67,37.76,5952.7,51.813,56765.67,37.333,5952.7,89.767,56765.67,35.90666667,5952.7,89.767,56765.67,37.76,7.4,89.767,56765.67,37.76,5952.7,89.767,17.79,56765.67,37.76,5952.7,89.767,20.115
54156,35.94666667,6025,92.267,54156,35.94666667,6025,52.73,54156,36,6025,92.267,54156,34.42333333,6025,92.267,54156,35.94666667,7.4,92.267,54156,35.94666667,6025,92.267,17.59,54156,35.94666667,6025.0,92.267,9.2923
54223,35.86333333,5950,93.767,54223,35.86333333,5950,53.692,54223,35.333,5950,93.767,54223,34.24333333,5950,93.767,54223,35.86333333,8.2,93.767,54223,35.86333333,5950,93.767,13.59,54223,35.86333333,5950.0,93.767,5.066766667
53395.67,35.03,5852.3,94.6,53395.67,35.03,5852.3,54.421,53395.67,31.297,5852.3,94.6,53395.67,33.05333333,5852.3,94.6,53395.67,35.03,8.8,94.6,53395.67,35.03,5852.3,94.6,14.21,53395.67,35.03,5852.3,94.600,-1.653237333
51878,33.13,5884,95.967,51878,33.13,5884,55.08,51878,34.817,5884,95.967,51878,31.19666667,5884,95.967,51878,33.13,9.4,95.967,51878,33.13,5884,95.967,14.51,51878,33.13,5884.0,95.967,-1.768266667
52934.67,33.14,5861.4,97.633,52934.67,33.14,5861.4,55.864,52934.67,34.58,5861.4,97.633,52934.67,31.53,5861.4,97.633,52934.67,33.14,9.9,97.633,52934.67,33.14,5861.4,97.633,11.01,52934.67,33.14,5861.4,97.633,-24.532
54538.67,33.07333333,5866,97.933,54538.67,33.07333333,5866,56.47,54538.67,33.85,5866,97.933,54538.67,31.78,5866,97.933,54538.67,33.07333333,10.7,97.933,54538.67,33.07333333,5866,97.933,9.28,54538.67,33.07333333,5866.0,97.933,-15.655
50811.67,30.19666667,5938.9,98,50811.67,30.19666667,5938.9,56.929,50811.67,29.653,5938.9,98,50811.67,29.62,5938.9,98,50811.67,30.19666667,10.4,98,50811.67,30.19666667,5938.9,98,8.66,50811.67,30.19666667,5938.9,98.000,-9.341233333
51881.67,28.57,6072.4,99.133,51881.67,28.57,6072.4,57.345,51881.67,30.537,6072.4,99.133,51881.67,28.60666667,6072.4,99.133,51881.67,28.57,10.1,99.133,51881.67,28.57,6072.4,99.133,8.8,51881.67,28.57,6072.4,99.133,-8.967866667
54488,29.26666667,6192.2,100.1,54488,29.26666667,6192.2,57.929,54488,31.56,6192.2,100.1,54488,28.86666667,6192.2,100.1,54488,29.26666667,9.4,100.1,54488,29.26666667,6192.2,100.1,9.46,54488,29.26666667,6192.2,100.100,-21.655
54589,29.35333333,6320.2,101.1,54589,29.35333333,6320.2,58.355,54589,29.83,6320.2,101.1,54589,28.94,6320.2,101.1,54589,29.35333333,8.5,101.1,54589,29.35333333,6320.2,101.1,9.43,54589,29.35333333,6320.2,101.100,-17.951
54421.67,28.88666667,6442.8,102.533,54421.67,28.88666667,6442.8,59.096,54421.67,30.199,6442.8,102.533,54421.67,28.76333333,6442.8,102.533,54421.67,28.88666667,7.9,102.533,54421.67,28.88666667,6442.8,102.533,9.69,54421.67,28.88666667,6442.8,102.533,-16.24066667
54724,29.18666667,6554,103.5,54724,29.18666667,6554,59.602,54724,30.368,6554,103.5,54724,28.79,6554,103.5,54724,29.18666667,7.4,103.5,54724,29.18666667,6554,103.5,10.55,54724,29.18666667,6554.0,103.500,-13.01033333
53763,28.87333333,6617.7,104.4,53763,28.87333333,6617.7,60.081,53763,29.104,6617.7,104.4,53763,28.69333333,6617.7,104.4,53763,28.87333333,7.4,104.4,53763,28.87333333,6617.7,104.4,11.39,53763,28.87333333,6617.7,104.400,-18.646
53920.67,28.51666667,6671.6,105.3,53920.67,28.51666667,6671.6,60.465,53920.67,27.431,6671.6,105.3,53920.67,28.27666667,6671.6,105.3,53920.67,28.51666667,7.3,105.3,53920.67,28.51666667,6671.6,105.3,9.26,53920.67,28.51666667,6671.6,105.300,-14.172
53693,27.22666667,6734.5,106.267,53693,27.22666667,6734.5,61.136,53693,27.05,6734.5,106.267,53693,26.75666667,6734.5,106.267,53693,27.22666667,7.2,106.267,53693,27.22666667,6734.5,106.267,8.48,53693,27.22666667,6734.5,106.267,-17.476
52458.67,27.48,6791.5,107.233,52458.67,27.48,6791.5,61.483,52458.67,27.857,6791.5,107.233,52458.67,26.97,6791.5,107.233,52458.67,27.48,7.3,107.233,52458.67,27.48,6791.5,107.233,7.92,52458.67,27.48,6791.5,107.233,-18.32933333
52567,26.58,6897.6,107.9,52567,26.58,6897.6,61.736,52567,27.791,6897.6,107.9,52567,26.51333333,6897.6,107.9,52567,26.58,7.2,107.9,52567,26.58,6897.6,107.9,7.9,52567,26.58,6897.6,107.900,-35.23633333
55879.67,26.70666667,6950,109,55879.67,26.70666667,6950,62.14,55879.67,29.193,6950,109,55879.67,26.74666667,6950,109,55879.67,26.70666667,7,109,55879.67,26.70666667,6950,109,8.1,55879.67,26.70666667,6950.0,109.000,-24.36633333
55045.67,19.08666667,7016.8,109.567,55045.67,19.08666667,7016.8,62.456,55045.67,17.002,7016.8,109.567,55045.67,20.06333333,7016.8,109.567,55045.67,19.08666667,7,109.567,55045.67,19.08666667,7016.8,109.567,7.83,55045.67,19.08666667,7016.8,109.567,-32.321
55859,12.85666667,7045,109.033,55859,12.85666667,7045,62.786,55859,13.92,7045,109.033,55859,12.97666667,7045,109.033,55859,12.85666667,7.2,109.033,55859,12.85666667,7045,109.033,6.92,55859,12.85666667,7045.0,109.033,-44.764
56992.33,11.87666667,7112.9,109.7,56992.33,11.87666667,7112.9,63.143,56992.33,13.86,7112.9,109.7,56992.33,12.10666667,7112.9,109.7,56992.33,11.87666667,7,109.7,56992.33,11.87666667,7112.9,109.7,6.21,56992.33,11.87666667,7112.9,109.700,-49.52533333
55553.33,13.47,7147.3,110.467,55553.33,13.47,7147.3,63.567,55553.33,15.378,7147.3,110.467,55553.33,13.39666667,7147.3,110.467,55553.33,13.47,6.8,110.467,55553.33,13.47,7147.3,110.467,6.27,55553.33,13.47,7147.3,110.467,-35.41133333
54581.67,16.89666667,7186.9,111.8,54581.67,16.89666667,7186.9,64.16,54581.67,18.229,7186.9,111.8,54581.67,16.67666667,7186.9,111.8,54581.67,16.89666667,6.6,111.8,54581.67,16.89666667,7186.9,111.8,6.22,54581.67,16.89666667,7186.9,111.800,-27.25666667
54965.33,18.28333333,7263.3,113.067,54965.33,18.28333333,7263.3,64.526,54965.33,19.364,7263.3,113.067,54965.33,17.92,7263.3,113.067,54965.33,18.28333333,6.3,113.067,54965.33,18.28333333,7263.3,113.067,6.65,54965.33,18.28333333,7263.3,113.067,-17.202
57922,19.05,7326.3,114.267,57922,19.05,7326.3,65.033,57922,20.385,7326.3,114.267,57922,19.02,7326.3,114.267,57922,19.05,6,114.267,57922,19.05,7326.3,114.267,6.84,57922,19.05,7326.3,114.267,-17.36766667
57697,17.95666667,7451.7,115.333,57697,17.95666667,7451.7,65.53,57697,18.67,7451.7,115.333,57697,17.84666667,7451.7,115.333,57697,17.95666667,5.8,115.333,57697,17.95666667,7451.7,115.333,6.92,57697,17.95666667,7451.7,115.333,-9.828166667
57124,15.20333333,7490.2,116.233,57124,15.20333333,7490.2,66.068,57124,16.714,7490.2,116.233,57124,15.35,7490.2,116.233,57124,15.20333333,5.7,116.233,57124,15.20333333,7490.2,116.233,6.67,57124,15.20333333,7490.2,116.233,2.2426
57399.67,15.68333333,7586.4,117.567,57399.67,15.68333333,7586.4,66.689,57399.67,17.281,7586.4,117.567,57399.67,15.86666667,7586.4,117.567,57399.67,15.68333333,5.5,117.567,57399.67,15.68333333,7586.4,117.567,7.15,57399.67,15.68333333,7586.4,117.567,-2.057233333
58394.67,14.32333333,7625.6,119,58394.67,14.32333333,7625.6,67.442,58394.67,15.163,7625.6,119,58394.67,14.32,7625.6,119,58394.67,14.32333333,5.5,119,58394.67,14.32333333,7625.6,119,7.98,58394.67,14.32333333,7625.6,119.000,-8.680033333
61087.33,13.27333333,7727.4,120.3,61087.33,13.27333333,7727.4,67.953,61087.33,14.68,7727.4,120.3,61087.33,13.19,7727.4,120.3,61087.33,13.27333333,5.3,120.3,61087.33,13.27333333,7727.4,120.3,8.47,61087.33,13.27333333,7727.4,120.300,-1.594916667
58284.67,16.80666667,7799.9,121.667,58284.67,16.80666667,7799.9,68.723,58284.67,18.418,7799.9,121.667,58284.67,16.52333333,7799.9,121.667,58284.67,16.80666667,5.2,121.667,58284.67,16.80666667,7799.9,121.667,9.45,58284.67,16.80666667,7799.9,121.667,3.1047
58785,18.97,7858.3,123.633,58785,18.97,7858.3,69.399,58785,20.359,7858.3,123.633,58785,18.89333333,7858.3,123.633,58785,18.97,5.2,123.633,58785,18.97,7858.3,123.633,9.73,58785,18.97,7858.3,123.633,1.5306
59925,17.61333333,7920.6,124.6,59925,17.61333333,7920.6,69.855,59925,19.253,7920.6,124.6,59925,17.69,7920.6,124.6,59925,17.61333333,5.2,124.6,59925,17.61333333,7920.6,124.6,9.08,59925,17.61333333,7920.6,124.600,-3.988033333
61237.67,18.88666667,7937.9,125.867,61237.67,18.88666667,7937.9,70.317,61237.67,20.333,7937.9,125.867,61237.67,18.72333333,7937.9,125.867,61237.67,18.88666667,5.4,125.867,61237.67,18.88666667,7937.9,125.867,8.61,61237.67,18.88666667,7937.9,125.867,1.579426667
61367.78,19.74333333,8020.8,128.033,61367.78,19.74333333,8020.8,71.166,61367.78,21.722,8020.8,128.033,61367.78,20.03,8020.8,128.033,61367.78,19.74333333,5.3,128.033,61367.78,19.74333333,8020.8,128.033,8.25,61367.78,19.74333333,8020.8,128.033,0.846472667
61124.89,15.96,8052.7,129.3,61124.89,15.96,8052.7,71.993,61124.89,17.897,8052.7,129.3,61124.89,16.14333333,8052.7,129.3,61124.89,15.96,5.3,129.3,61124.89,15.96,8052.7,129.3,8.24,61124.89,15.96,8052.7,129.300,-9.291266667
58972.38,23.56,8052.6,131.533,58972.38,23.56,8052.6,72.655,58972.38,26.5,8052.6,131.533,58972.38,23.25666667,8052.6,131.533,58972.38,23.56,5.7,131.533,58972.38,23.56,8052.6,131.533,8.16,58972.38,23.56,8052.6,131.533,-16.98833333
60315.1,29.54333333,7982,133.767,60315.1,29.54333333,7982,73.239,60315.1,31.853,7982,133.767,60315.1,29.91666667,7982,133.767,60315.1,29.54333333,6.1,133.767,60315.1,29.54333333,7982,133.767,7.74,60315.1,29.54333333,7982.0,133.767,-11.30596667
60492.22,19.39333333,7943.4,134.767,60492.22,19.39333333,7943.4,74.026,60492.22,21.781,7943.4,134.767,60492.22,19.92333333,7943.4,134.767,60492.22,19.39333333,6.6,134.767,60492.22,19.39333333,7943.4,134.767,6.43,60492.22,19.39333333,7943.4,134.767,-2.741333333
59107.11,18.15333333,7997,135.567,59107.11,18.15333333,7997,74.553,59107.11,20.753,7997,135.567,59107.11,18.38,7997,135.567,59107.11,18.15333333,6.8,135.567,59107.11,18.15333333,7997,135.567,5.86,59107.11,18.15333333,7997.0,135.567,-0.643026667
60050.89,18.61666667,8030.7,136.6,60050.89,18.61666667,8030.7,75.133,60050.89,21.655,8030.7,136.6,60050.89,18.88666667,8030.7,136.6,60050.89,18.61666667,6.9,136.6,60050.89,18.61666667,8030.7,136.6,5.65,60050.89,18.61666667,8030.7,136.600,-4.5019
60766.27,18.79333333,8062.2,137.733,60766.27,18.79333333,8062.2,75.569,60766.27,21.737,8062.2,137.733,60766.27,19.14666667,8062.2,137.733,60766.27,18.79333333,7.1,137.733,60766.27,18.79333333,8062.2,137.733,4.82,60766.27,18.79333333,8062.2,137.733,-3.049866667
60634.17,16.15333333,8150.7,138.667,60634.17,16.15333333,8150.7,75.954,60634.17,18.91,8150.7,138.667,60634.17,16.45333333,8150.7,138.667,60634.17,16.15333333,7.4,138.667,60634.17,16.15333333,8150.7,138.667,4.02,60634.17,16.15333333,8150.7,138.667,-11.78033333
59608.37,18.66333333,8237.3,139.733,59608.37,18.66333333,8237.3,76.423,59608.37,21.186,8237.3,139.733,59608.37,18.82666667,8237.3,139.733,59608.37,18.66333333,7.6,139.733,59608.37,18.66333333,8237.3,139.733,3.77,59608.37,18.66333333,8237.3,139.733,-17.41066667
59949.93,19.41666667,8322.3,140.8,59949.93,19.41666667,8322.3,76.778,59949.93,21.67,8322.3,140.8,59949.93,19.75,8322.3,140.8,59949.93,19.41666667,7.6,140.8,59949.93,19.41666667,8322.3,140.8,3.26,59949.93,19.41666667,8322.3,140.800,-24.44966667
60826.83,18.22666667,8409.8,142.033,60826.83,18.22666667,8409.8,77.214,60826.83,20.479,8409.8,142.033,60826.83,18.52666667,8409.8,142.033,60826.83,18.22666667,7.4,142.033,60826.83,18.22666667,8409.8,142.033,3.03,60826.83,18.22666667,8409.8,142.033,-17.902
61105.84,17.34333333,8425.3,143.067,61105.84,17.34333333,8425.3,77.677,61105.84,19.825,8425.3,143.067,61105.84,17.61,8425.3,143.067,61105.84,17.34333333,7.1,143.067,61105.84,17.34333333,8425.3,143.067,3.04,61105.84,17.34333333,8425.3,143.067,-11.7401
60058.56,17.68,8479.2,144.1,60058.56,17.68,8479.2,78.106,60058.56,19.76,8479.2,144.1,60058.56,17.94666667,8479.2,144.1,60058.56,17.68,7.1,144.1,60058.56,17.68,8479.2,144.1,3,60058.56,17.68,8479.2,144.100,-5.3359
60417.4,15.59,8523.8,144.767,60417.4,15.59,8523.8,78.466,60417.4,17.796,8523.8,144.767,60417.4,15.84,8523.8,144.767,60417.4,15.59,6.8,144.767,60417.4,15.59,8523.8,144.767,3.06,60417.4,15.59,8523.8,144.767,-10.28983333
60991.4,14.06666667,8636.4,145.967,60991.4,14.06666667,8636.4,78.897,60991.4,16.451,8636.4,145.967,60991.4,14.27666667,8636.4,145.967,60991.4,14.06666667,6.6,145.967,60991.4,14.06666667,8636.4,145.967,2.99,60991.4,14.06666667,8636.4,145.967,-14.149
60819.77,13.00333333,8720.5,146.7,60819.77,13.00333333,8720.5,79.311,60819.77,14.813,8720.5,146.7,60819.77,13.02,8720.5,146.7,60819.77,13.00333333,6.6,146.7,60819.77,13.00333333,8720.5,146.7,3.21,60819.77,13.00333333,8720.5,146.700,-19.268
60639.3,15.77333333,8839.8,147.533,60639.3,15.77333333,8839.8,79.689,60639.3,17.777,8839.8,147.533,60639.3,15.88333333,8839.8,147.533,60639.3,15.77333333,6.2,147.533,60639.3,15.77333333,8839.8,147.533,3.94,60639.3,15.77333333,8839.8,147.533,-11.07156667
60728.83,16.69666667,8896.7,148.9,60728.83,16.69666667,8896.7,80.163,60728.83,18.497,8896.7,148.9,60728.83,16.90666667,8896.7,148.9,60728.83,16.69666667,6,148.9,60728.83,16.69666667,8896.7,148.9,4.49,60728.83,16.69666667,8896.7,148.900,-8.2357
61819.43,16.17,8995.5,149.767,61819.43,16.17,8995.5,80.576,61819.43,17.657,8995.5,149.767,61819.43,16.29333333,8995.5,149.767,61819.43,16.17,5.6,149.767,61819.43,16.17,8995.5,149.767,5.17,61819.43,16.17,8995.5,149.767,3.171433333
61831.67,16.99333333,9017.6,150.867,61831.67,16.99333333,9017.6,81.038,61831.67,18.357,9017.6,150.867,61831.67,16.99333333,9017.6,150.867,61831.67,16.99333333,5.5,150.867,61831.67,16.99333333,9017.6,150.867,5.8,61831.67,16.99333333,9017.6,150.867,6.830633333
62025,18.23,9037,152.1,62025,18.23,9037,81.397,62025,19.343,9037,152.1,62025,18.24666667,9037,152.1,62025,18.23,5.7,152.1,62025,18.23,9037,152.1,6.02,62025,18.23,9037.0,152.100,8.660366667
62622.67,16.58333333,9112.9,152.867,62622.67,16.58333333,9112.9,81.78,62622.67,17.853,9112.9,152.867,62622.67,16.78,9112.9,152.867,62622.67,16.58333333,5.7,152.867,62622.67,16.58333333,9112.9,152.867,5.8,62622.67,16.58333333,9112.9,152.867,5.8648
62858,16.78,9176.4,153.7,62858,16.78,9176.4,82.195,62858,18.157,9176.4,153.7,62858,16.90333333,9176.4,153.7,62858,16.78,5.6,153.7,62858,16.78,9176.4,153.7,5.72,62858,16.78,9176.4,153.700,-2.695333333
63334.33,18.38333333,9239.3,155.067,63334.33,18.38333333,9239.3,82.67,63334.33,19.77,9239.3,155.067,63334.33,18.48333333,9239.3,155.067,63334.33,18.38333333,5.5,155.067,63334.33,18.38333333,9239.3,155.067,5.37,63334.33,18.38333333,9239.3,155.067,-9.376433333
63326.67,20.25666667,9399,156.4,63326.67,20.25666667,9399,82.987,63326.67,21.757,9399,156.4,63326.67,20.51666667,9399,156.4,63326.67,20.25666667,5.5,156.4,63326.67,20.25666667,9399,156.4,5.24,63326.67,20.25666667,9399.0,156.400,-12.335
63564.33,20.72333333,9480.8,157.3,63564.33,20.72333333,9480.8,83.25,63564.33,22.423,9480.8,157.3,63564.33,20.75333333,9480.8,157.3,63564.33,20.72333333,5.3,157.3,63564.33,20.72333333,9480.8,157.3,5.31,63564.33,20.72333333,9480.8,157.300,-25.45533333
64617.33,23.03333333,9584.3,158.667,64617.33,23.03333333,9584.3,83.71,64617.33,24.667,9584.3,158.667,64617.33,23.08333333,9584.3,158.667,64617.33,23.03333333,5.3,158.667,64617.33,23.03333333,9584.3,158.667,5.28,64617.33,23.03333333,9584.3,158.667,-13.96196667
65304,21.02,9658,159.633,65304,21.02,9658,84.251,65304,22.79,9658,159.633,65304,21.68333333,9658,159.633,65304,21.02,5.2,159.633,65304,21.02,9658,159.633,5.28,65304,21.02,9658.0,159.633,-9.8855
65247,17.91,9801.2,160,65247,17.91,9801.2,84.447,65247,19.907,9801.2,160,65247,18.31333333,9801.2,160,65247,17.91,5,160,65247,17.91,9801.2,160,5.52,65247,17.91,9801.2,160.000,-14.90733333
65656.67,17.76666667,9924.2,160.8,65656.67,17.76666667,9924.2,84.742,65656.67,19.783,9924.2,160.8,65656.67,18.05666667,9924.2,160.8,65656.67,17.76666667,4.9,160.8,65656.67,17.76666667,9924.2,160.8,5.53,65656.67,17.76666667,9924.2,160.800,-14.76466667
66548.33,17.52,10000.3,161.667,66548.33,17.52,10000.3,85.055,66548.33,19.917,10000.3,161.667,66548.33,18.2,10000.3,161.667,66548.33,17.52,4.7,161.667,66548.33,17.52,10000.3,161.667,5.51,66548.33,17.52,10000.3,161.667,-16.60166667
67815.33,13.33,10094.8,162,67815.33,13.33,10094.8,85.198,67815.33,15.93,10094.8,162,67815.33,13.95333333,10094.8,162,67815.33,13.33,4.6,162,67815.33,13.33,10094.8,162,5.52,67815.33,13.33,10094.8,162.000,-25.83533333
67270,12.34333333,10185.6,162.533,67270,12.34333333,10185.6,85.402,67270,14.653,10185.6,162.533,67270,12.65,10185.6,162.533,67270,12.34333333,4.4,162.533,67270,12.34333333,10185.6,162.533,5.5,67270,12.34333333,10185.6,162.533,-32.05
66137.67,11.88666667,10320,163.367,66137.67,11.88666667,10320,85.729,66137.67,14.13,10320,163.367,66137.67,12.22666667,10320,163.367,66137.67,11.88666667,4.5,163.367,66137.67,11.88666667,10320,163.367,5.53,66137.67,11.88666667,10320.0,163.367,-40.39633333
66493.33,10.83,10498.6,164.133,66493.33,10.83,10498.6,85.988,66493.33,12.84,10498.6,164.133,66493.33,11.32666667,10498.6,164.133,66493.33,10.83,4.4,164.133,66493.33,10.83,10498.6,164.133,4.86,66493.33,10.83,10498.6,164.133,-33.54933333
66969.33,10.86333333,10592.1,164.733,66969.33,10.86333333,10592.1,86.371,66969.33,13.047,10592.1,164.733,66969.33,11.03666667,10592.1,164.733,66969.33,10.86333333,4.3,164.733,66969.33,10.86333333,10592.1,164.733,4.73,66969.33,10.86333333,10592.1,164.733,-37.878
64940.33,15.43333333,10674.9,165.967,64940.33,15.43333333,10674.9,86.675,64940.33,17.66,10674.9,165.967,64940.33,15.65333333,10674.9,165.967,64940.33,15.43333333,4.3,165.967,64940.33,15.43333333,10674.9,165.967,4.75,64940.33,15.43333333,10674.9,165.967,-29.524
65637.67,19.75,10810.7,167.2,65637.67,19.75,10810.7,86.998,65637.67,21.737,10810.7,167.2,65637.67,19.77333333,10810.7,167.2,65637.67,19.75,4.2,167.2,65637.67,19.75,10810.7,167.2,5.1,65637.67,19.75,10810.7,167.200,-26.047
65863.33,23.03666667,11004.8,168.433,65863.33,23.03666667,11004.8,87.305,65863.33,24.563,11004.8,168.433,65863.33,23.18666667,11004.8,168.433,65863.33,23.03666667,4.1,168.433,65863.33,23.03666667,11004.8,168.433,5.3,65863.33,23.03666667,11004.8,168.433,-13.135
66690.67,26.79333333,11033.6,170.1,66690.67,26.79333333,11033.6,88,66690.67,28.807,11033.6,170.1,66690.67,27.15,11033.6,170.1,66690.67,26.79333333,4,170.1,66690.67,26.79333333,11033.6,170.1,5.68,66690.67,26.79333333,11033.6,170.100,-9.383233333
67854.33,26.51666667,11248.8,171.433,67854.33,26.51666667,11248.8,88.446,67854.33,28.783,11248.8,171.433,67854.33,26.85333333,11248.8,171.433,67854.33,26.51666667,3.9,171.433,67854.33,26.51666667,11248.8,171.433,6.27,67854.33,26.51666667,11248.8,171.433,-4.5117
69065.67,29.12,11258.3,173,69065.67,29.12,11258.3,88.979,69065.67,31.623,11258.3,173,69065.67,29.62666667,11258.3,173,69065.67,29.12,4,173,69065.67,29.12,11258.3,173,6.52,69065.67,29.12,11258.3,173.000,-3.798866667
69746.67,28.3,11325,174.233,69746.67,28.3,11325,89.447,69746.67,31.98,11325,174.233,69746.67,29.31333333,11325,174.233,69746.67,28.3,3.9,174.233,69746.67,28.3,11325,174.233,6.47,69746.67,28.3,11325.0,174.233,-3.074066667
69066.78,24.15666667,11287.8,175.9,69066.78,24.15666667,11287.8,90.054,69066.78,28.81,11287.8,175.9,69066.78,25.19666667,11287.8,175.9,69066.78,24.15666667,4.2,175.9,69066.78,24.15666667,11287.8,175.9,5.6,69066.78,24.15666667,11287.8,175.900,-8.4829
67441.47,23.85666667,11361.7,177.133,67441.47,23.85666667,11361.7,90.666,67441.47,27.883,11361.7,177.133,67441.47,24.7,11361.7,177.133,67441.47,23.85666667,4.4,177.133,67441.47,23.85666667,11361.7,177.133,4.33,67441.47,23.85666667,11361.7,177.133,-11.70333333
68071.32,23.01333333,11330.4,177.633,68071.32,23.01333333,11330.4,90.952,68071.32,26.6,11330.4,177.633,68071.32,23.97666667,11330.4,177.633,68071.32,23.01333333,4.8,177.633,68071.32,23.01333333,11330.4,177.633,3.5,68071.32,23.01333333,11330.4,177.633,-28.284
67813.18,16.92333333,11370,177.5,67813.18,16.92333333,11370,91.232,67813.18,20.403,11370,177.5,67813.18,17.93333333,11370,177.5,67813.18,16.92333333,5.5,177.5,67813.18,16.92333333,11370,177.5,2.13,67813.18,16.92333333,11370.0,177.500,-38.246
66799.77,19.19,11467.1,178.067,66799.77,19.19,11467.1,91.555,66799.77,21.61,11467.1,178.067,66799.77,19.27,11467.1,178.067,66799.77,19.19,5.7,178.067,66799.77,19.19,11467.1,178.067,1.73,66799.77,19.19,11467.1,178.067,-30.66266667
66511.41,23.95666667,11528.1,179.467,66511.41,23.95666667,11528.1,91.965,66511.41,26.27,11528.1,179.467,66511.41,24.39333333,11528.1,179.467,66511.41,23.95666667,5.8,179.467,66511.41,23.95666667,11528.1,179.467,1.75,66511.41,23.95666667,11528.1,179.467,-27.83166667
67064.18,25.93666667,11586.6,180.433,67064.18,25.93666667,11586.6,92.363,67064.18,28.33,11586.6,180.433,67064.18,26.33666667,11586.6,180.433,67064.18,25.93666667,5.7,180.433,67064.18,25.93666667,11586.6,180.433,1.74,67064.18,25.93666667,11586.6,180.433,-26.78666667
68252.12,25.45,11590.6,181.5,68252.12,25.45,11590.6,92.894,68252.12,28.18,11590.6,181.5,68252.12,26.07666667,11590.6,181.5,68252.12,25.45,5.9,181.5,68252.12,25.45,11590.6,181.5,1.44,68252.12,25.45,11590.6,181.500,-8.402333333
68959.73,30.58666667,11638.9,183.367,68959.73,30.58666667,11638.9,93.543,68959.73,34.12,11638.9,183.367,68959.73,31.39,11638.9,183.367,68959.73,30.58666667,5.9,183.367,68959.73,30.58666667,11638.9,183.367,1.25,68959.73,30.58666667,11638.9,183.367,-1.70143
68492.75,25.61666667,11737.5,183.067,68492.75,25.61666667,11737.5,93.815,68492.75,29.037,11737.5,183.067,68492.75,26.56,11737.5,183.067,68492.75,25.61666667,6.1,183.067,68492.75,25.61666667,11737.5,183.067,1.25,68492.75,25.61666667,11737.5,183.067,8.055866667
69096.89,27.37,11930.7,184.433,69096.89,27.37,11930.7,94.337,69096.89,30.213,11930.7,184.433,69096.89,28.03,11930.7,184.433,69096.89,27.37,6.1,184.433,69096.89,27.37,11930.7,184.433,1.02,69096.89,27.37,11930.7,184.433,10.94073333
71172.73,27.80666667,12038.6,185.133,71172.73,27.80666667,12038.6,94.818,71172.73,31.19,12038.6,185.133,71172.73,28.43666667,12038.6,185.133,71172.73,27.80666667,5.8,185.133,71172.73,27.80666667,12038.6,185.133,1,71172.73,27.80666667,12038.6,185.133,33.549
71743.59,30.98666667,12117.9,186.7,71743.59,30.98666667,12117.9,95.643,71743.59,35.257,12117.9,186.7,71743.59,31.91666667,12117.9,186.7,71743.59,30.98666667,5.7,186.7,71743.59,30.98666667,12117.9,186.7,1,71743.59,30.98666667,12117.9,186.700,39.28933333
71982.74,33.82333333,12195.9,188.167,71982.74,33.82333333,12195.9,96.45,71982.74,38.33,12195.9,188.167,71982.74,34.79333333,12195.9,188.167,71982.74,33.82333333,5.6,188.167,71982.74,33.82333333,12195.9,188.167,1.01,71982.74,33.82333333,12195.9,188.167,26.88433333
72917.47,38.59,12286.7,189.367,72917.47,38.59,12286.7,97.149,72917.47,43.86,12286.7,189.367,72917.47,39.44333333,12286.7,189.367,72917.47,38.59,5.4,189.367,72917.47,38.59,12286.7,189.367,1.43,72917.47,38.59,12286.7,189.367,30.59833333
73255.42,39.77333333,12387.2,191.4,73255.42,39.77333333,12387.2,97.874,73255.42,48.307,12387.2,191.4,73255.42,41.5,12387.2,191.4,73255.42,39.77333333,5.4,191.4,73255.42,39.77333333,12387.2,191.4,1.95,73255.42,39.77333333,12387.2,191.400,37.458
73473.83,41.00333333,12515,192.367,73473.83,41.00333333,12515,98.776,73473.83,49.707,12515,192.367,73473.83,42.28,12515,192.367,73473.83,41.00333333,5.3,192.367,73473.83,41.00333333,12515,192.367,2.47,73473.83,41.00333333,12515.0,192.367,34.24066667
74036.3,45.90666667,12570.7,193.667,74036.3,45.90666667,12570.7,99.437,74036.3,53.043,12570.7,193.667,74036.3,47.28333333,12570.7,193.667,74036.3,45.90666667,5.1,193.667,74036.3,45.90666667,12570.7,193.667,2.94,74036.3,45.90666667,12570.7,193.667,25.87766667
73572.71,56.75,12670.5,196.6,73572.71,56.75,12670.5,100.458,73572.71,63.08,12670.5,196.6,73572.71,57.77,12670.5,196.6,73572.71,56.75,5,196.6,73572.71,56.75,12670.5,196.6,3.46,73572.71,56.75,12670.5,196.600,10.6042
73784.21,52.04333333,12735.6,198.433,73784.21,52.04333333,12735.6,101.302,73784.21,60.033,12735.6,198.433,73784.21,53.94,12735.6,198.433,73784.21,52.04333333,5,198.433,73784.21,52.04333333,12735.6,198.433,3.98,73784.21,52.04333333,12735.6,198.433,17.22033333
73553.8,54.65333333,12896.4,199.467,73553.8,54.65333333,12896.4,102.055,73553.8,63.347,12896.4,199.467,73553.8,56.17666667,12896.4,199.467,73553.8,54.65333333,4.7,199.467,73553.8,54.65333333,12896.4,199.467,4.45,73553.8,54.65333333,12896.4,199.467,10.84766667
73155.04,63.53,12948.7,201.267,73155.04,63.53,12948.7,102.948,73155.04,70.53,12948.7,201.267,73155.04,64.48333333,12948.7,201.267,73155.04,63.53,4.6,201.267,73155.04,63.53,12948.7,201.267,4.91,73155.04,63.53,12948.7,201.267,12.22766667
73643.27,63.91,12950.4,203.167,73643.27,63.91,12950.4,103.724,73643.27,70.443,12950.4,203.167,73643.27,65.18333333,12950.4,203.167,73643.27,63.91,4.6,203.167,73643.27,63.91,12950.4,203.167,5.25,73643.27,63.91,12950.4,203.167,24.07433333
73358.19,53.45666667,13038.4,202.333,73358.19,53.45666667,13038.4,104.186,73358.19,60.093,13038.4,202.333,73358.19,54.54333333,13038.4,202.333,73358.19,53.45666667,4.4,202.333,73358.19,53.45666667,13038.4,202.333,5.24,73358.19,53.45666667,13038.4,202.333,30.39733333
72912.09,53.21666667,13056.1,204.288,72912.09,53.21666667,13056.1,105.38,72912.09,58.13,13056.1,204.288,72912.09,54.02,13056.1,204.288,72912.09,53.21666667,4.5,204.288,72912.09,53.21666667,13056.1,204.288,5.25,72912.09,53.21666667,13056.1,204.288,33.34866667
72748.79,62.41333333,13173.6,206.662,72748.79,62.41333333,13173.6,106.098,72748.79,64.97,13173.6,206.662,72748.79,62.51,13173.6,206.662,72748.79,62.41333333,4.5,206.662,72748.79,62.41333333,13173.6,206.662,5.25,72748.79,62.41333333,13173.6,206.662,40.277
72678.55,70.45666667,13269.8,207.937,72678.55,70.45666667,13269.8,106.453,72678.55,75.5,13269.8,207.937,72678.55,71.41333333,13269.8,207.937,72678.55,70.45666667,4.7,207.937,72678.55,70.45666667,13269.8,207.937,5.07,72678.55,70.45666667,13269.8,207.937,46.23866667
73602,82.45,13326,210.461,73602,82.45,13326,106.958,73602,90.85,13326,210.461,73602,83.98,13326,210.461,73602,82.45,4.8,210.461,73602,82.45,13326,210.461,4.5,73602,82.45,13326.0,210.461,54.19266667
74073.85,89.73,13266.8,212.776,74073.85,89.73,13266.8,107.591,74073.85,97.953,13266.8,212.776,74073.85,91.17666667,13266.8,212.776,74073.85,89.73,5,212.776,74073.85,89.73,13266.8,212.776,3.18,74073.85,89.73,13266.8,212.776,44.934
73870.26,115.83,13310.5,215.552,73870.26,115.83,13310.5,108.302,73870.26,123.963,13310.5,215.552,73870.26,117.0166667,13310.5,215.552,73870.26,115.83,5.3,215.552,73870.26,115.83,13310.5,215.552,2.08,73870.26,115.83,13310.5,215.552,51.54933333
73557.71,111.78,13186.9,218.922,73557.71,111.78,13186.9,109.162,73557.71,117.983,13186.9,218.922,73557.71,113.8933333,13186.9,218.922,73557.71,111.78,6,218.922,73557.71,111.78,13186.9,218.922,1.94,73557.71,111.78,13186.9,218.922,41.28966667
73174.26,51.84333333,12883.5,213.753,73174.26,51.84333333,12883.5,109.3,73174.26,58.37,12883.5,213.753,73174.26,55.07333333,12883.5,213.753,73174.26,51.84333333,6.9,213.753,73174.26,51.84333333,12883.5,213.753,0.51,73174.26,51.84333333,12883.5,213.753,-32.99506667
71841.86,40.45333333,12663.2,212.451,71841.86,40.45333333,12663.2,109.717,71841.86,42.96,12663.2,212.451,71841.86,40.39,12663.2,212.451,71841.86,40.45333333,8.2,212.451,71841.86,40.45333333,12663.2,212.451,0.18,71841.86,40.45333333,12663.2,212.451,-11.78128333
71808.43,57.57333333,12641.3,213.468,71808.43,57.57333333,12641.3,109.594,71808.43,59.543,12641.3,213.468,71808.43,56.82,12641.3,213.468,71808.43,57.57333333,9.3,213.468,71808.43,57.57333333,12641.3,213.468,0.18,71808.43,57.57333333,12641.3,213.468,12.1753
72477.11,66.4,12694.5,215.419,72477.11,66.4,12694.5,109.658,72477.11,68.203,12694.5,215.419,72477.11,66.43666667,12694.5,215.419,72477.11,66.4,9.7,215.419,72477.11,66.4,12694.5,215.419,0.15,72477.11,66.4,12694.5,215.419,16.0417
72996.91,73.04333333,12813.5,216.853,72996.91,73.04333333,12813.5,109.943,72996.91,76.067,12813.5,216.853,72996.91,73.17,12813.5,216.853,72996.91,73.04333333,10,216.853,72996.91,73.04333333,12813.5,216.853,0.12,72996.91,73.04333333,12813.5,216.853,23.12766667
73489.93,75.19,12937.7,217.544,73489.93,75.19,12937.7,110.358,73489.93,78.627,12937.7,217.544,73489.93,75.83,12937.7,217.544,73489.93,75.19,9.7,217.544,73489.93,75.19,12937.7,217.544,0.13,73489.93,75.19,12937.7,217.544,19.34766667
73892.92,74.36333333,13058.5,217.27,73892.92,74.36333333,13058.5,110.793,73892.92,77.89,13058.5,217.27,73892.92,75.38333333,13058.5,217.27,73892.92,74.36333333,9.6,217.27,73892.92,74.36333333,13058.5,217.27,0.19,73892.92,74.36333333,13058.5,217.270,23.359
74214.87,73.31666667,13139.6,218.039,74214.87,73.31666667,13139.6,111.156,74214.87,76.167,13139.6,218.039,74214.87,74.05333333,13139.6,218.039,74214.87,73.31666667,9.6,218.039,74214.87,73.31666667,13139.6,218.039,0.19,74214.87,73.31666667,13139.6,218.039,10.4619
74602.64,80.89333333,13216.1,219.465,74602.64,80.89333333,13216.1,111.644,74602.64,85.027,13216.1,219.465,74602.64,81.52333333,13216.1,219.465,74602.64,80.89333333,9.6,219.465,74602.64,80.89333333,13216.1,219.465,0.19,74602.64,80.89333333,13216.1,219.465,10.52393333
74398.39,94.06333333,13227.9,222.274,74398.39,94.06333333,13227.9,112.398,74398.39,93.98,13227.9,222.274,74398.39,93.85333333,13227.9,222.274,74398.39,94.06333333,8.9,222.274,74398.39,94.06333333,13227.9,222.274,0.15,74398.39,94.06333333,13227.9,222.274,-14.60993333
